name,prior_mean,prior_stdev,prior_lower_bound,prior_upper_bound,post_mean,post_stdev,post_lower_bound,post_upper_bound
OR03C16F,19.3181,3.54802,12.222,26.4141,20.2523,1.72872,16.7949,23.7098
OR04C9F,19.3889,21.7929,-24.1969,62.9746,20.3511,3.03359,14.284,26.4183
RIVFLUX_CAL,-4880.13,535312,-1.0755e+06,1.06574e+06,-47704.9,68448.2,-184601,89191.6
RIVFLUX_FORE,-3369.93,120910,-245191,238451,-14059.4,32731,-79521.5,51402.6
TRAVEL_TIME,4364.4,32835.1,-61305.8,70034.6,7655.95,31437.7,-55219.5,70531.4
