name,prior_mean,prior_stdev,prior_lower_bound,prior_upper_bound,post_mean,post_stdev,post_lower_bound,post_upper_bound
OR03C16F,19.3181,10.4891,-1.66007,40.2963,20.1313,2.46928,15.1927,25.0698
OR04C9F,19.3889,22.8242,-26.2595,65.0372,20.8397,2.99298,14.8537,26.8256
RIVFLUX_CAL,-4880.13,550616,-1.10611e+06,1.09635e+06,-47248,70678.3,-188605,94108.6
RIVFLUX_FORE,-3369.93,129801,-262971,256231,-14126.9,32523.7,-79174.3,50920.4
TRAVEL_TIME,4364.4,29215.3,-54066.2,62795,5532.46,28465.5,-51398.6,62463.5
