name,prior_mean,prior_stdev,prior_lower_bound,prior_upper_bound,post_mean,post_stdev,post_lower_bound,post_upper_bound
FR03C16,19.5468,0.195918,19.1549,19.9386,19.5468,0.194412,19.1579,19.9356
FR04C9,21.7047,0.951261,19.8022,23.6072,21.7047,0.816563,20.0716,23.3378
RIVFLUX_CAL,-2790.31,737.155,-4264.62,-1316,-2790.31,648.86,-4088.03,-1492.59
RIVFLUX_FORE,-2173.73,433.653,-3041.04,-1306.42,-2173.73,384.838,-2943.41,-1404.05
TRAVEL_TIME,16856.9,5557.43,5742.05,27971.8,16856.9,5487.9,5881.12,27832.7
