name,prior_mean,prior_stdev,prior_lower_bound,prior_upper_bound,post_mean,post_stdev,post_lower_bound,post_upper_bound
OR03C16F,19.2948,1.26658,16.7616,21.828,19.5592,0.155372,19.2484,19.8699
OR04C9F,19.0544,14.3698,-9.68526,47.7941,22.2818,1.48172,19.3184,25.2453
RIVFLUX_CAL,-11.2544,160966,-321943,321921,-30012.8,34139.5,-98291.7,38266.2
RIVFLUX_FORE,-1835.64,48946.9,-99729.4,96058.1,-11457.5,7038.54,-25534.5,2619.62
TRAVEL_TIME,4455.12,5491.05,-6526.99,15437.2,5899.46,4617.85,-3336.25,15135.2
