name,prior_mean,prior_stdev,prior_lower_bound,prior_upper_bound,post_mean,post_stdev,post_lower_bound,post_upper_bound
OR03C16F,19.3181,0.742509,17.8331,20.8031,19.8257,0.0440625,19.7376,19.9139
OR04C9F,19.3889,6.37171,6.64543,32.1323,24.232,0.378115,23.4758,24.9883
RIVFLUX_CAL,-4880.13,171.643,-5223.42,-4536.85,-3820.54,10.1858,-3840.91,-3800.17
RIVFLUX_FORE,-3369.93,162.373,-3694.68,-3045.18,-2857.55,9.63566,-2876.82,-2838.28
TRAVEL_TIME,4364.4,26527.5,-48690.7,57419.5,24632.9,1574.22,21484.5,27781.3
