obsnme,obsval
fa_hw_20171231,-1031.0761548387097
fa_tw_20171231,-803.4452806451613
hds_00_066_010_730,36.771900177002
part_time,569.491
part_status,2.0
