obsnme,obsval
fa_hw_19710915,-251.15642350666664
fa_tw_19710915,-473.34781000000004
hds_00_040_006_621,35.9812164306641
part_time,666.0205
part_status,2.0
