obsnme,obsval
fa_hw_20170702,-890.997
fa_tw_20170702,299.13212999999996
hds_00_013_002_548,38.6023368835449
part_time,559.3845
part_status,2.0
