obsnme,obsval
fa_hw_20171231,19.648402387096784
fa_tw_20171231,36.959397406451615
hds_00_040_006_730,36.620304107666
part_time,510.4993
part_status,2.0
