obsnme,obsval
fa_hw_20170702,-449.2344
fa_tw_20170702,45.17427
hds_00_013_002_548,41.3762550354004
part_time,731.0
part_status,1.0
