obsnme,obsval
fa_hw_20170913,-354.58025444666663
fa_tw_20170913,696.0298999999999
hds_00_013_002_621,34.5473213195801
part_time,255.4138
part_status,2.0
