obsnme,obsval
fa_hw_20170913,-318.1474866666667
fa_tw_20170913,-386.25787666666673
hds_00_013_002_621,34.7971343994141
part_time,731.0
part_status,1.0
