obsnme,obsval
fa_hw_20170702,-134.5788
fa_tw_20170702,738.421
hds_00_013_002_548,36.8168716430664
part_time,505.02099999999996
part_status,2.0
