obsnme,obsval
fa_hw_20170913,-456.11707643333324
fa_tw_20170913,-2.3452713933333316
hds_00_013_002_621,34.1869697570801
part_time,392.1058
part_status,2.0
