obsnme,obsval
fa_hw_20171231,154.51936774193547
fa_tw_20171231,0.0
hds_00_013_002_730,33.621124267578104
part_time,560.9755
part_status,2.0
