obsnme,obsval
fa_hw_20170913,412.61967999999996
fa_tw_20170913,415.08099999999996
hds_00_013_002_621,33.696037292480504
part_time,482.6945
part_status,2.0
