obsnme,obsval
fa_hw_20170913,1292.3582775999998
fa_tw_20170913,1402.5664000000002
hds_00_013_002_621,35.0867347717285
part_time,602.5076
part_status,2.0
