obsnme,obsval
fa_hw_19710915,-716.61054
fa_tw_19710915,-913.5504466666667
hds_00_040_006_621,35.30955123901371
part_time,563.0974
part_status,2.0
