name,prior_mean,prior_stdev,prior_lower_bound,prior_upper_bound,post_mean,post_stdev,post_lower_bound,post_upper_bound
FR03C16,19.5468,0.50983,18.5271,20.5664,19.8098,0.0411288,19.7275,19.8921
FR04C9,21.7047,5.04198,11.6207,31.7887,24.4006,0.406744,23.5871,25.2141
RIVFLUX_FORE,-2173.73,1.35952,-2176.45,-2171.01,-2138.28,0.109675,-2138.5,-2138.06
TRAVEL_TIME,16856.9,26653.7,-36450.5,70164.4,30376.6,2150.2,26076.2,34677
