name,prior_mean,prior_stdev,prior_lower_bound,prior_upper_bound,post_mean,post_stdev,post_lower_bound,post_upper_bound
RCH1,-3.85943,5,-13.8594,6.14057,-3.36318,0.772859,-4.9089,-1.81747
RCH2,-4.02879,5,-14.0288,5.97121,-4.02879,5,-14.0288,5.97121
HK1,1.69897,5,-8.30103,11.699,1.70886,4.98987,-8.27089,11.6886
HK2,1.69897,5,-8.30103,11.699,1.17765,0.825582,-0.473516,2.82881
HK3,1.69897,5,-8.30103,11.699,1.22939,0.824166,-0.418944,2.87772
HK4,1.69897,5,-8.30103,11.699,1.94291,0.993107,-0.0433009,3.92913
HK5,1.69897,5,-8.30103,11.699,0.808611,0.905966,-1.00332,2.62054
HK6,1.69897,5,-8.30103,11.699,1.19787,0.923282,-0.648696,3.04443
