name,prior_mean,prior_stdev,prior_lower_bound,prior_upper_bound,post_mean,post_stdev,post_lower_bound,post_upper_bound
RCH1,-3.85943,5,-13.8594,6.14057,-3.36235,0.779586,-4.92152,-1.80318
RCH2,-4.02879,5,-14.0288,5.97121,-4.02879,5,-14.0288,5.97121
HK1,1.69897,5,-8.30103,11.699,1.71014,4.98967,-8.26919,11.6895
HK2,1.69897,5,-8.30103,11.699,1.17856,0.834939,-0.491314,2.84844
HK3,1.69897,5,-8.30103,11.699,1.2301,0.828403,-0.42671,2.8869
HK4,1.69897,5,-8.30103,11.699,1.94457,1.00065,-0.0567364,3.94588
HK5,1.69897,5,-8.30103,11.699,0.80926,0.913156,-1.01705,2.63557
HK6,1.69897,5,-8.30103,11.699,1.19888,0.929411,-0.659947,3.0577
