name,prior_mean,prior_stdev,prior_lower_bound,prior_upper_bound,post_mean,post_stdev,post_lower_bound,post_upper_bound
OR03C16F,19.3181,5.76676,7.78456,30.8516,19.6273,1.82533,15.9766,23.278
OR04C9F,19.3889,45.5445,-71.7001,110.478,22.3755,4.62192,13.1317,31.6194
RIVFLUX_CAL,-4880.13,187576,-380032,370272,-15002.1,29974.8,-74951.6,44947.5
RIVFLUX_FORE,-3369.93,77060,-157490,150750,-7125.7,25202,-57529.7,43278.3
TRAVEL_TIME,4364.4,147890,-291415,300144,14920.7,66705.1,-118489,148331
