name,prior_mean,prior_stdev,prior_lower_bound,prior_upper_bound,post_mean,post_stdev,post_lower_bound,post_upper_bound
OR03C16F,19.3181,5.77696,7.76418,30.872,19.6276,1.82457,15.9785,23.2768
OR04C9F,19.3889,45.575,-71.7611,110.539,22.3779,4.62147,13.135,31.6208
RIVFLUX_CAL,-4880.13,187217,-379313,369553,-14970.7,29657.1,-74284.8,44343.4
RIVFLUX_FORE,-3369.93,77021.9,-157414,150674,-7116.88,25165.1,-57447.1,43213.3
TRAVEL_TIME,4364.4,148568,-292771,301500,14955.2,66998.1,-119041,148951
