name,prior_mean,prior_stdev,prior_lower_bound,prior_upper_bound,post_mean,post_stdev,post_lower_bound,post_upper_bound
FR03C16,19.6124,0.582829,18.4468,20.7781,19.8257,0.0440154,19.7377,19.9138
FR04C9,22.3109,5.00092,12.3091,32.3127,24.232,0.377671,23.4767,24.9874
RIVFLUX_FORE,-2811.05,127.454,-3065.96,-2556.14,-2857.55,9.62536,-2876.8,-2838.3
TRAVEL_TIME,16856.9,20821.9,-24786.8,58500.7,24632.9,1572.47,21488,27777.9
